Name,Brand,Price(INR),Rating,Delivery Time
Banana (1 Dozen),Country Delight,386.02,3.7,20 min
Turmeric Powder 100g,Country Delight,226.66,3.8,20 min
A2 Ghee 500ml,Country Delight,251.45,4.7,12 min
Cow Milk 1L,Country Delight,175.38,4,20 min
A2 Ghee 500ml,Country Delight,228.6,3.8,Next Morning
Almonds 250g,Country Delight,101.79,4.2,Next Morning
White Eggs (6 Pack),Country Delight,128.12,3.8,Next Morning
Banana (1 Dozen),Country Delight,382.51,4,20 min
Turmeric Powder 100g,Country Delight,74.93,4.7,15 min
A2 Ghee 500ml,Country Delight,160.73,3.8,Next Morning
Cow Milk 1L,Country Delight,258.48,3.9,30 min
Almonds 250g,Country Delight,179.19,4.1,30 min
Almonds 250g,Country Delight,136.67,3.9,12 min
Banana (1 Dozen),Country Delight,65.07,4.8,12 min
Banana (1 Dozen),Country Delight,367.52,4.6,Next Morning
Apple (500g),Country Delight,224.91,5,30 min
Curd 500g,Country Delight,160.9,4.2,30 min
Cow Milk 1L,Country Delight,52.42,4,30 min
Almonds 250g,Country Delight,337.92,3.6,15 min
Brown Bread,Country Delight,187.05,4.4,Next Morning
Cow Milk 1L,Country Delight,191.11,4.3,Next Morning
Apple (500g),Country Delight,233.42,4.5,Next Morning
Turmeric Powder 100g,Country Delight,392.18,4.4,30 min
Turmeric Powder 100g,Country Delight,374.06,3.6,Next Morning
White Eggs (6 Pack),Country Delight,316.74,3.8,15 min
Brown Bread,Country Delight,126.05,4.5,Next Morning
Cow Milk 1L,Country Delight,245.41,4.2,30 min
White Eggs (6 Pack),Country Delight,168.73,4.7,30 min
Cow Milk 1L,Country Delight,186.58,4.9,Next Morning
Yogurt 100g,Country Delight,361.38,4.1,12 min
Buffalo Milk 1L,Country Delight,261.42,4.1,30 min
Cow Milk 1L,Country Delight,117.62,4,Next Morning
Yogurt 100g,Country Delight,256.08,4.7,12 min
A2 Ghee 500ml,Country Delight,100.79,4.8,30 min
Apple (500g),Country Delight,350.85,3.9,12 min
Brown Bread,Country Delight,91.33,4.1,12 min
Cow Milk 1L,Country Delight,221.61,4.4,30 min
Banana (1 Dozen),Country Delight,162.42,4.2,12 min
Turmeric Powder 100g,Country Delight,52.95,4.1,Next Morning
Buffalo Milk 1L,Country Delight,149.57,4.8,Next Morning
Cow Milk 1L,Country Delight,223.92,4.3,20 min
Buffalo Milk 1L,Country Delight,206.34,3.6,12 min
Paneer 200g,Country Delight,64.86,4.8,Next Morning
Buffalo Milk 1L,Country Delight,246.07,4.3,15 min
Turmeric Powder 100g,Country Delight,395.96,4.7,30 min
Banana (1 Dozen),Country Delight,42.67,3.5,20 min
A2 Ghee 500ml,Country Delight,168.24,3.9,20 min
White Eggs (6 Pack),Country Delight,327.14,4.2,30 min
Curd 500g,Country Delight,81.9,4.4,12 min
Cow Milk 1L,Country Delight,181.51,4.8,15 min
Curd 500g,Country Delight,122.53,3.6,20 min
Brown Bread,Country Delight,70.46,3.7,30 min
Cow Milk 1L,Country Delight,76.08,4.3,15 min
Curd 500g,Country Delight,312.92,3.7,15 min
A2 Ghee 500ml,Country Delight,54.69,4.9,30 min
Brown Bread,Country Delight,56.54,4.8,30 min
Almonds 250g,Country Delight,40.5,3.8,15 min
Almonds 250g,Country Delight,180.84,4.2,30 min
Cow Milk 1L,Country Delight,179.93,4.8,12 min
Turmeric Powder 100g,Country Delight,234.35,3.6,15 min
Yogurt 100g,Country Delight,301.5,3.8,Next Morning
Apple (500g),Country Delight,137.05,4.9,Next Morning
Apple (500g),Country Delight,318.66,4.3,12 min
Yogurt 100g,Country Delight,61.8,4.8,30 min
Turmeric Powder 100g,Country Delight,344.54,4.1,12 min
Cow Milk 1L,Country Delight,292.57,4.5,12 min
Paneer 200g,Country Delight,52.09,3.8,Next Morning
Cow Milk 1L,Country Delight,88.78,4.6,Next Morning
Almonds 250g,Country Delight,217.65,4.4,12 min
Apple (500g),Country Delight,345.91,3.7,30 min
Apple (500g),Country Delight,44.27,4.1,30 min
Yogurt 100g,Country Delight,235.22,4.4,12 min
Apple (500g),Country Delight,159.88,4.7,20 min
Apple (500g),Country Delight,187.2,4.9,30 min
A2 Ghee 500ml,Country Delight,285.38,4.1,20 min
Cow Milk 1L,Country Delight,90.78,3.8,12 min
Buffalo Milk 1L,Country Delight,254.24,3.6,30 min
Paneer 200g,Country Delight,244.59,4.8,15 min
Turmeric Powder 100g,Country Delight,244.08,4.7,30 min
Almonds 250g,Country Delight,54.03,3.7,20 min
Paneer 200g,Country Delight,284.86,4.9,Next Morning
Banana (1 Dozen),Country Delight,339.25,4.5,30 min
Almonds 250g,Country Delight,338.42,4.7,30 min
Apple (500g),Country Delight,298.77,4.7,20 min
Banana (1 Dozen),Country Delight,138.07,4.6,20 min
A2 Ghee 500ml,Country Delight,68.6,3.5,30 min
Paneer 200g,Country Delight,57.44,4.6,20 min
A2 Ghee 500ml,Country Delight,339.75,4.9,15 min
Almonds 250g,Country Delight,93.84,3.6,20 min
Yogurt 100g,Country Delight,123.32,4.8,30 min
Yogurt 100g,Country Delight,297.8,5,15 min
Apple (500g),Country Delight,121.71,3.5,30 min
Turmeric Powder 100g,Country Delight,246.44,3.8,30 min
Brown Bread,Country Delight,117.88,4.1,15 min
Cow Milk 1L,Country Delight,304.54,3.7,12 min
Cow Milk 1L,Country Delight,355.18,4,15 min
Turmeric Powder 100g,Country Delight,239.06,5,12 min
Paneer 200g,Country Delight,46.57,3.6,30 min
Yogurt 100g,Country Delight,377.89,3.9,12 min
Paneer 200g,Country Delight,395.7,3.5,15 min
Cow Milk 1L,Country Delight,186.56,3.7,20 min
White Eggs (6 Pack),Country Delight,186.62,3.7,Next Morning
Yogurt 100g,Country Delight,334.63,4.1,Next Morning
White Eggs (6 Pack),Country Delight,362.48,4.7,Next Morning
Banana (1 Dozen),Country Delight,264.08,4.9,12 min
Curd 500g,Country Delight,182.65,4.8,Next Morning
White Eggs (6 Pack),Country Delight,327.79,3.6,12 min
Almonds 250g,Country Delight,153.73,4.8,Next Morning
Banana (1 Dozen),Country Delight,114.57,4.3,12 min
White Eggs (6 Pack),Country Delight,343.06,4.5,12 min
White Eggs (6 Pack),Country Delight,76.91,4.3,15 min
Yogurt 100g,Country Delight,41.63,3.8,Next Morning
Turmeric Powder 100g,Country Delight,396.9,4.1,30 min
Buffalo Milk 1L,Country Delight,328.32,4.7,30 min
Almonds 250g,Country Delight,271.73,4.2,20 min
A2 Ghee 500ml,Country Delight,208.1,3.8,30 min
Turmeric Powder 100g,Country Delight,377.11,4.3,12 min
Turmeric Powder 100g,Country Delight,68.33,5,30 min
Almonds 250g,Country Delight,213.31,4.7,12 min
Buffalo Milk 1L,Country Delight,360.84,3.6,30 min
Turmeric Powder 100g,Country Delight,102.51,4,15 min
Brown Bread,Country Delight,220.37,4.2,30 min
A2 Ghee 500ml,Country Delight,228.91,4,15 min
Turmeric Powder 100g,Country Delight,324.22,4.2,15 min
Yogurt 100g,Country Delight,267.13,4.1,12 min
Turmeric Powder 100g,Country Delight,154.03,3.9,15 min
Apple (500g),Country Delight,290.83,3.5,30 min
White Eggs (6 Pack),Country Delight,190.9,4.6,12 min
Buffalo Milk 1L,Country Delight,276.63,3.6,Next Morning
Apple (500g),Country Delight,118.93,4.7,12 min
Turmeric Powder 100g,Country Delight,351.77,4,Next Morning
Turmeric Powder 100g,Country Delight,273.92,4.4,12 min
A2 Ghee 500ml,Country Delight,308.07,4.9,15 min
Yogurt 100g,Country Delight,308.36,3.7,30 min
Turmeric Powder 100g,Country Delight,137.84,4.4,15 min
Turmeric Powder 100g,Country Delight,210.97,4.6,20 min
Apple (500g),Country Delight,272.44,4.5,Next Morning
Cow Milk 1L,Country Delight,207.66,4.9,Next Morning
White Eggs (6 Pack),Country Delight,388.47,4,12 min
A2 Ghee 500ml,Country Delight,180.66,4.6,20 min
Almonds 250g,Country Delight,372.29,5,20 min
Apple (500g),Country Delight,192.17,4.1,15 min
White Eggs (6 Pack),Country Delight,380.85,4.6,30 min
Banana (1 Dozen),Country Delight,118.54,4.7,12 min
Buffalo Milk 1L,Country Delight,316.73,4,12 min
Curd 500g,Country Delight,59.27,4.6,30 min
Turmeric Powder 100g,Country Delight,40.67,3.9,Next Morning
Paneer 200g,Country Delight,41.11,4.6,12 min
Turmeric Powder 100g,Country Delight,143.53,4.4,Next Morning
Apple (500g),Country Delight,185.03,3.7,30 min
Brown Bread,Country Delight,386.74,3.7,30 min
Curd 500g,Country Delight,399.14,4.8,12 min
A2 Ghee 500ml,Country Delight,312.29,3.6,30 min
White Eggs (6 Pack),Country Delight,177.95,4,30 min
Apple (500g),Country Delight,237.61,3.6,15 min
Turmeric Powder 100g,Country Delight,348,4.8,20 min
Paneer 200g,Country Delight,237.34,4,20 min
Buffalo Milk 1L,Country Delight,54.01,3.9,15 min
White Eggs (6 Pack),Country Delight,346.16,5,15 min
Yogurt 100g,Country Delight,138.25,3.7,15 min
White Eggs (6 Pack),Country Delight,189.1,4.4,30 min
Paneer 200g,Country Delight,194.64,3.8,15 min
Cow Milk 1L,Country Delight,171.41,4.8,12 min
Paneer 200g,Country Delight,373.46,3.6,20 min
Cow Milk 1L,Country Delight,120.04,4.4,12 min
Turmeric Powder 100g,Country Delight,314.66,4.1,20 min
Apple (500g),Country Delight,265.48,4.2,30 min
Turmeric Powder 100g,Country Delight,230.45,4.2,15 min
Banana (1 Dozen),Country Delight,390.87,4.1,Next Morning
Turmeric Powder 100g,Country Delight,335.01,3.8,30 min
Cow Milk 1L,Country Delight,136.91,4.1,Next Morning
Apple (500g),Country Delight,161.2,3.6,Next Morning
Paneer 200g,Country Delight,121.1,4.9,20 min
Yogurt 100g,Country Delight,111.2,4.1,20 min
Almonds 250g,Country Delight,370.57,4.4,15 min
Apple (500g),Country Delight,118.17,4.6,Next Morning
White Eggs (6 Pack),Country Delight,76.99,5,12 min
Cow Milk 1L,Country Delight,377.89,4.7,15 min
Brown Bread,Country Delight,387.14,4.8,Next Morning
Apple (500g),Country Delight,156.89,4.7,30 min
Buffalo Milk 1L,Country Delight,87.45,4.2,Next Morning
Curd 500g,Country Delight,333.59,3.7,12 min
Turmeric Powder 100g,Country Delight,80.89,4.9,20 min
Banana (1 Dozen),Country Delight,340.83,4.4,20 min
Almonds 250g,Country Delight,154,3.9,12 min
White Eggs (6 Pack),Country Delight,57,4.7,12 min
Paneer 200g,Country Delight,173.93,3.7,30 min
Paneer 200g,Country Delight,295.75,3.8,20 min
Banana (1 Dozen),Country Delight,283.15,4.9,15 min
Almonds 250g,Country Delight,178.23,3.9,15 min
Cow Milk 1L,Country Delight,130.62,3.9,20 min
Turmeric Powder 100g,Country Delight,343.81,3.8,30 min
Yogurt 100g,Country Delight,43.89,4.3,15 min
Yogurt 100g,Country Delight,92,3.8,20 min
Banana (1 Dozen),Country Delight,322.5,4.4,15 min
A2 Ghee 500ml,Country Delight,227.58,4.7,12 min
Yogurt 100g,Country Delight,310.22,4.1,30 min
Almonds 250g,Country Delight,147.23,4.3,15 min
Paneer 200g,Country Delight,302.49,3.7,15 min
Almonds 250g,Country Delight,117.75,3.8,12 min
Buffalo Milk 1L,Country Delight,383.46,4.9,20 min
Curd 500g,Country Delight,266.1,4.5,12 min
Almonds 250g,Country Delight,342.59,3.6,12 min
Curd 500g,Country Delight,120.84,4.5,30 min
Buffalo Milk 1L,Country Delight,152.53,4.4,Next Morning
Turmeric Powder 100g,Country Delight,177.5,4.5,20 min
Banana (1 Dozen),Country Delight,113.48,4.2,30 min
Brown Bread,Country Delight,382.54,4,20 min
A2 Ghee 500ml,Country Delight,208.05,3.6,15 min
Paneer 200g,Country Delight,112.21,4.5,15 min
White Eggs (6 Pack),Country Delight,362.41,4.1,Next Morning
Cow Milk 1L,Country Delight,156.1,4.4,20 min
Buffalo Milk 1L,Country Delight,172.93,4.4,12 min
Almonds 250g,Country Delight,136.28,4.1,12 min
Curd 500g,Country Delight,378.11,3.8,30 min
Turmeric Powder 100g,Country Delight,370.17,4.4,15 min
White Eggs (6 Pack),Country Delight,142.67,3.9,30 min
Almonds 250g,Country Delight,320.31,4,Next Morning
Curd 500g,Country Delight,323.66,3.6,12 min
White Eggs (6 Pack),Country Delight,127.67,4.5,15 min
White Eggs (6 Pack),Country Delight,161.97,4.5,20 min
Apple (500g),Country Delight,324.2,4,Next Morning
White Eggs (6 Pack),Country Delight,189.47,4,20 min
White Eggs (6 Pack),Country Delight,121.96,4.4,Next Morning
Apple (500g),Country Delight,231.2,4,12 min
Turmeric Powder 100g,Country Delight,300.09,4.4,12 min
Banana (1 Dozen),Country Delight,325.41,4,20 min
Apple (500g),Country Delight,56.37,4.9,Next Morning
Almonds 250g,Country Delight,246.23,4.6,15 min
Turmeric Powder 100g,Country Delight,231.73,4.3,Next Morning
A2 Ghee 500ml,Country Delight,64.79,4.1,Next Morning
Brown Bread,Country Delight,301.95,4.1,30 min
Almonds 250g,Country Delight,218.4,4.1,15 min
A2 Ghee 500ml,Country Delight,366.49,3.9,12 min
Apple (500g),Country Delight,91.83,4.9,12 min
Cow Milk 1L,Country Delight,335.35,4.1,20 min
Brown Bread,Country Delight,399.6,4.6,30 min
Curd 500g,Country Delight,226.03,4,20 min
Banana (1 Dozen),Country Delight,372.7,3.8,20 min
Buffalo Milk 1L,Country Delight,210.06,3.8,15 min
Apple (500g),Country Delight,358.41,3.6,12 min
White Eggs (6 Pack),Country Delight,114.51,4.5,30 min
A2 Ghee 500ml,Country Delight,262.16,4,20 min
White Eggs (6 Pack),Country Delight,338.64,4.3,Next Morning
Paneer 200g,Country Delight,315.83,4.3,20 min
Buffalo Milk 1L,Country Delight,301.2,4.9,20 min
Yogurt 100g,Country Delight,323.09,4.2,15 min
Paneer 200g,Country Delight,328.25,3.7,12 min
Banana (1 Dozen),Country Delight,99.48,4.8,30 min
Paneer 200g,Country Delight,326.84,4.9,Next Morning
White Eggs (6 Pack),Country Delight,145.15,4,Next Morning
Yogurt 100g,Country Delight,122.07,4.1,30 min
Buffalo Milk 1L,Country Delight,359.28,4.2,15 min
Curd 500g,Country Delight,230.21,4.9,Next Morning
Banana (1 Dozen),Country Delight,48.68,4.5,12 min
Buffalo Milk 1L,Country Delight,345.03,4.5,12 min
A2 Ghee 500ml,Country Delight,96.55,3.6,15 min
Banana (1 Dozen),Country Delight,68.27,3.9,30 min
Buffalo Milk 1L,Country Delight,364.28,3.9,20 min
Almonds 250g,Country Delight,294.06,3.9,20 min
Apple (500g),Country Delight,334.43,4.8,20 min
Turmeric Powder 100g,Country Delight,332.03,4.8,30 min
Banana (1 Dozen),Country Delight,133,4.6,12 min
Almonds 250g,Country Delight,151.4,4.2,30 min
A2 Ghee 500ml,Country Delight,377.66,3.9,30 min
Brown Bread,Country Delight,131.13,3.7,30 min
Yogurt 100g,Country Delight,245.58,4,15 min
Banana (1 Dozen),Country Delight,282.85,3.6,Next Morning
Curd 500g,Country Delight,108.77,3.7,12 min
Banana (1 Dozen),Country Delight,261.29,4.5,Next Morning
Curd 500g,Country Delight,118.11,4.7,15 min
Cow Milk 1L,Country Delight,63.81,4.4,15 min
Curd 500g,Country Delight,44.58,4.8,30 min
Cow Milk 1L,Country Delight,174.92,4.6,Next Morning
Yogurt 100g,Country Delight,220.6,4.2,12 min
Almonds 250g,Country Delight,76.19,3.5,15 min
Apple (500g),Country Delight,203.53,3.7,30 min
Brown Bread,Country Delight,324.35,3.9,Next Morning
Paneer 200g,Country Delight,162.85,4.1,Next Morning
White Eggs (6 Pack),Country Delight,175.6,4.2,30 min
Yogurt 100g,Country Delight,220.46,4.6,15 min
A2 Ghee 500ml,Country Delight,119.25,4.4,20 min
Brown Bread,Country Delight,98.69,4.7,Next Morning
Yogurt 100g,Country Delight,245.33,4.8,30 min
Brown Bread,Country Delight,247.55,3.8,20 min
Paneer 200g,Country Delight,254.62,4,30 min
Apple (500g),Country Delight,340.09,4.9,15 min
Brown Bread,Country Delight,362.49,3.9,15 min
Turmeric Powder 100g,Country Delight,390.62,4.2,15 min
Cow Milk 1L,Country Delight,305.41,4.6,20 min
A2 Ghee 500ml,Country Delight,103.22,4.7,15 min
Turmeric Powder 100g,Country Delight,108.72,4.3,20 min
Paneer 200g,Country Delight,57.09,4.4,Next Morning
Paneer 200g,Country Delight,287.81,4.1,12 min
Paneer 200g,Country Delight,205.83,4,20 min
Apple (500g),Country Delight,133.22,3.8,30 min
A2 Ghee 500ml,Country Delight,173.36,3.9,30 min
Almonds 250g,Country Delight,122.97,4.1,20 min
White Eggs (6 Pack),Country Delight,198.57,4.5,30 min
Almonds 250g,Country Delight,226.04,3.9,15 min
Paneer 200g,Country Delight,290.62,4.3,15 min
Banana (1 Dozen),Country Delight,213.22,4.8,30 min
White Eggs (6 Pack),Country Delight,389.69,4.2,30 min
Yogurt 100g,Country Delight,221.98,3.7,Next Morning
Brown Bread,Country Delight,151.66,4.1,15 min
Cow Milk 1L,Country Delight,285.92,3.9,15 min
Paneer 200g,Country Delight,214.06,4.7,20 min
White Eggs (6 Pack),Country Delight,180.1,4.3,12 min
A2 Ghee 500ml,Country Delight,103.41,4.7,15 min
Banana (1 Dozen),Country Delight,109.82,4.2,30 min
Paneer 200g,Country Delight,73.5,3.6,Next Morning
A2 Ghee 500ml,Country Delight,376.41,4.8,30 min
Cow Milk 1L,Country Delight,342.29,4,12 min
Buffalo Milk 1L,Country Delight,337.68,3.9,12 min
Buffalo Milk 1L,Country Delight,262.51,3.5,12 min
Apple (500g),Country Delight,281.03,4.7,30 min
Cow Milk 1L,Country Delight,305.65,3.6,12 min
White Eggs (6 Pack),Country Delight,182.13,3.8,12 min
Paneer 200g,Country Delight,340.43,3.7,20 min
Paneer 200g,Country Delight,207.89,4,12 min
Apple (500g),Country Delight,180.95,4.6,15 min
Paneer 200g,Country Delight,95.9,4.8,12 min
Apple (500g),Country Delight,220.25,4.1,30 min
Curd 500g,Country Delight,342.21,5,15 min
Curd 500g,Country Delight,316.27,5,12 min
Almonds 250g,Country Delight,290.51,4.5,Next Morning
Apple (500g),Country Delight,373.05,3.6,12 min
Cow Milk 1L,Country Delight,317.45,4.2,30 min
Buffalo Milk 1L,Country Delight,117.56,4,30 min
Apple (500g),Country Delight,242.69,4.2,15 min
Banana (1 Dozen),Country Delight,251.26,4.7,15 min
A2 Ghee 500ml,Country Delight,303.77,4.8,12 min
White Eggs (6 Pack),Country Delight,360.61,3.8,Next Morning
Yogurt 100g,Country Delight,323.1,3.6,20 min
Turmeric Powder 100g,Country Delight,51.3,4.9,20 min
Brown Bread,Country Delight,249.33,4.6,12 min
Turmeric Powder 100g,Country Delight,243.96,4.9,15 min
Brown Bread,Country Delight,358.38,4.5,Next Morning
Paneer 200g,Country Delight,247.38,4.6,12 min
Almonds 250g,Country Delight,109.77,4.6,Next Morning
A2 Ghee 500ml,Country Delight,182.65,4.9,30 min
Almonds 250g,Country Delight,286.05,3.6,12 min
Banana (1 Dozen),Country Delight,90.54,4.9,30 min
Buffalo Milk 1L,Country Delight,330.81,4.9,15 min
Cow Milk 1L,Country Delight,262.4,4.6,30 min
Apple (500g),Country Delight,333.02,4.4,20 min
Yogurt 100g,Country Delight,140.55,4.9,20 min
Paneer 200g,Country Delight,56.8,4.6,20 min
Almonds 250g,Country Delight,109.34,4.5,20 min
Curd 500g,Country Delight,279.03,4.6,15 min
A2 Ghee 500ml,Country Delight,323.73,4.2,12 min
Apple (500g),Country Delight,210.36,3.6,Next Morning
Brown Bread,Country Delight,45.79,4,Next Morning
Turmeric Powder 100g,Country Delight,285.74,4.3,15 min
Banana (1 Dozen),Country Delight,235.75,4.1,30 min
Brown Bread,Country Delight,101.77,3.7,15 min
Cow Milk 1L,Country Delight,95.94,4.8,20 min
Cow Milk 1L,Country Delight,63.21,4.5,30 min
Yogurt 100g,Country Delight,231.3,4.8,30 min
Turmeric Powder 100g,Country Delight,157.82,4.3,15 min
A2 Ghee 500ml,Country Delight,181.35,4.3,Next Morning
Banana (1 Dozen),Country Delight,240.89,4.2,30 min
Curd 500g,Country Delight,154.74,3.8,20 min
Paneer 200g,Country Delight,341.46,3.9,12 min
A2 Ghee 500ml,Country Delight,176.01,4.1,20 min
Curd 500g,Country Delight,354.96,4.1,30 min
Yogurt 100g,Country Delight,295.88,4.4,Next Morning
A2 Ghee 500ml,Country Delight,102.85,3.7,Next Morning
Apple (500g),Country Delight,362.32,4.1,20 min
Banana (1 Dozen),Country Delight,238.25,3.7,12 min
Apple (500g),Country Delight,160.13,4.3,20 min
Almonds 250g,Country Delight,202.36,3.6,12 min
Yogurt 100g,Country Delight,64.55,4.5,Next Morning
Cow Milk 1L,Country Delight,202.09,4.9,Next Morning
Banana (1 Dozen),Country Delight,319.74,4.2,20 min
A2 Ghee 500ml,Country Delight,160.38,4.4,30 min
Buffalo Milk 1L,Country Delight,335.43,3.9,Next Morning
Turmeric Powder 100g,Country Delight,124.2,4.1,30 min
Cow Milk 1L,Country Delight,335.5,4.9,12 min
Paneer 200g,Country Delight,211.37,4.4,Next Morning
Banana (1 Dozen),Country Delight,223.83,4.2,15 min
Cow Milk 1L,Country Delight,150.95,4.3,Next Morning
Almonds 250g,Country Delight,273.69,4.9,12 min
Brown Bread,Country Delight,179.15,4.1,15 min
Turmeric Powder 100g,Country Delight,194.61,4.8,20 min
A2 Ghee 500ml,Country Delight,69.84,4.9,20 min
Cow Milk 1L,Country Delight,298.64,4.6,Next Morning
Apple (500g),Country Delight,172.75,4.3,15 min
A2 Ghee 500ml,Country Delight,212.4,3.8,30 min
Apple (500g),Country Delight,294.1,4.8,12 min
Brown Bread,Country Delight,52,5,15 min
Curd 500g,Country Delight,174.1,4,15 min
Banana (1 Dozen),Country Delight,351.01,4.6,20 min
Yogurt 100g,Country Delight,356.89,4.3,20 min
Buffalo Milk 1L,Country Delight,116.62,3.7,30 min
Banana (1 Dozen),Country Delight,310.76,4,15 min
White Eggs (6 Pack),Country Delight,395.1,4.6,Next Morning
Cow Milk 1L,Country Delight,135.31,3.8,Next Morning
Banana (1 Dozen),Country Delight,79.66,3.7,15 min
Yogurt 100g,Country Delight,164.72,5,12 min
Yogurt 100g,Country Delight,236.42,4.2,Next Morning
Turmeric Powder 100g,Country Delight,114.95,4,12 min
Cow Milk 1L,Country Delight,260.66,3.9,12 min
A2 Ghee 500ml,Country Delight,197.35,3.5,30 min
Yogurt 100g,Country Delight,98.73,4,12 min
Apple (500g),Country Delight,89.14,3.5,12 min
Cow Milk 1L,Country Delight,301.43,4.9,20 min
Brown Bread,Country Delight,118.28,5,30 min
Buffalo Milk 1L,Country Delight,352.02,3.9,Next Morning
Paneer 200g,Country Delight,284.08,4.5,20 min
Turmeric Powder 100g,Country Delight,101.36,4.7,20 min
Curd 500g,Country Delight,111.67,3.7,Next Morning
Buffalo Milk 1L,Country Delight,225.92,4.4,12 min
Brown Bread,Country Delight,255.67,4.4,30 min
A2 Ghee 500ml,Country Delight,307.71,3.8,15 min
Cow Milk 1L,Country Delight,238.91,3.9,Next Morning
Apple (500g),Country Delight,117.86,3.7,30 min
Cow Milk 1L,Country Delight,222.31,4.3,Next Morning
Curd 500g,Country Delight,115.32,4.1,Next Morning
Yogurt 100g,Country Delight,281.45,4.7,15 min
Almonds 250g,Country Delight,368.31,4.8,15 min
Brown Bread,Country Delight,335.95,5,15 min
A2 Ghee 500ml,Country Delight,114.56,4.8,12 min
Yogurt 100g,Country Delight,173.18,4.1,30 min
Paneer 200g,Country Delight,142.19,4.6,30 min
Almonds 250g,Country Delight,338.87,4.2,15 min
Turmeric Powder 100g,Country Delight,182.15,4.4,20 min
Banana (1 Dozen),Country Delight,55.9,3.6,Next Morning
Yogurt 100g,Country Delight,347.31,3.6,15 min
Paneer 200g,Country Delight,305.32,4.8,12 min
Banana (1 Dozen),Country Delight,216.73,4.2,15 min
Paneer 200g,Country Delight,333.44,3.6,20 min
Cow Milk 1L,Country Delight,392.31,3.7,15 min
Curd 500g,Country Delight,135.71,4.8,20 min
Buffalo Milk 1L,Country Delight,40.94,4,15 min
Turmeric Powder 100g,Country Delight,376.33,4.6,15 min
Turmeric Powder 100g,Country Delight,152.17,3.7,30 min
Brown Bread,Country Delight,165.38,4.9,30 min
Apple (500g),Country Delight,368.06,4.7,20 min
Banana (1 Dozen),Country Delight,205.66,4,20 min
A2 Ghee 500ml,Country Delight,327.64,4.7,30 min
Yogurt 100g,Country Delight,62.15,3.6,12 min
Almonds 250g,Country Delight,340.24,4.2,20 min
Buffalo Milk 1L,Country Delight,238.11,4.1,30 min
Curd 500g,Country Delight,263.97,3.7,12 min
Paneer 200g,Country Delight,202.21,4.6,30 min
Apple (500g),Country Delight,218.8,4.2,30 min
Turmeric Powder 100g,Country Delight,381.62,4.3,12 min
Turmeric Powder 100g,Country Delight,269.78,4.8,20 min
A2 Ghee 500ml,Country Delight,326.74,4.5,Next Morning
Paneer 200g,Country Delight,284.94,4.8,Next Morning
Cow Milk 1L,Country Delight,97.26,3.6,Next Morning
Almonds 250g,Country Delight,238.96,3.7,12 min
Cow Milk 1L,Country Delight,102.89,4.3,30 min
Brown Bread,Country Delight,367.48,4.6,20 min
Apple (500g),Country Delight,259.69,4.1,30 min
White Eggs (6 Pack),Country Delight,60.33,4.2,30 min
Buffalo Milk 1L,Country Delight,132.73,4.3,30 min
Turmeric Powder 100g,Country Delight,294.52,4,20 min
Banana (1 Dozen),Country Delight,348.74,3.9,Next Morning
Brown Bread,Country Delight,205.51,3.9,Next Morning
Cow Milk 1L,Country Delight,276.15,3.6,15 min
Banana (1 Dozen),Country Delight,211.84,4.4,12 min
Almonds 250g,Country Delight,278,4.5,12 min
White Eggs (6 Pack),Country Delight,296.01,3.6,Next Morning
Paneer 200g,Country Delight,206.07,4.7,12 min
Almonds 250g,Country Delight,293.85,4.4,15 min
Cow Milk 1L,Country Delight,118.07,4.7,30 min
A2 Ghee 500ml,Country Delight,222.99,4.6,20 min
Turmeric Powder 100g,Country Delight,109.11,3.7,20 min
Paneer 200g,Country Delight,292.88,4.5,15 min
Almonds 250g,Country Delight,184.44,3.7,20 min
Almonds 250g,Country Delight,193.33,3.6,15 min
Turmeric Powder 100g,Country Delight,373.36,3.8,30 min
Banana (1 Dozen),Country Delight,393.09,4.2,30 min
Banana (1 Dozen),Country Delight,274.89,4.4,15 min
Yogurt 100g,Country Delight,382.98,4.9,30 min
Cow Milk 1L,Country Delight,128.7,4.1,Next Morning
Turmeric Powder 100g,Country Delight,102.32,4.1,12 min
Turmeric Powder 100g,Country Delight,316.81,4.2,20 min
Banana (1 Dozen),Country Delight,80.58,4.6,Next Morning
Curd 500g,Country Delight,361.47,4,12 min
Banana (1 Dozen),Country Delight,112.91,3.7,20 min
Paneer 200g,Country Delight,279.14,4.5,12 min
Banana (1 Dozen),Country Delight,282.29,4.6,Next Morning
Brown Bread,Country Delight,279.06,3.9,15 min
Banana (1 Dozen),Country Delight,272.92,4.8,20 min
Banana (1 Dozen),Country Delight,279.45,4.3,12 min
Buffalo Milk 1L,Country Delight,57.58,3.7,12 min
Buffalo Milk 1L,Country Delight,225.69,5,15 min
Banana (1 Dozen),Country Delight,310.45,4.2,12 min
Banana (1 Dozen),Country Delight,196.63,4,Next Morning
Curd 500g,Country Delight,83.62,4.5,Next Morning
White Eggs (6 Pack),Country Delight,141.77,4,20 min
Paneer 200g,Country Delight,238.85,3.5,Next Morning
Brown Bread,Country Delight,188.51,4.3,Next Morning
Yogurt 100g,Country Delight,352.99,4.1,Next Morning
Buffalo Milk 1L,Country Delight,385.17,4.4,Next Morning
Cow Milk 1L,Country Delight,376.26,3.7,30 min
Curd 500g,Country Delight,194.42,4.1,15 min
Buffalo Milk 1L,Country Delight,137.41,4.3,15 min
Apple (500g),Country Delight,358.64,4,20 min
Cow Milk 1L,Country Delight,292.13,4.4,20 min
Turmeric Powder 100g,Country Delight,208.19,4.7,30 min
Cow Milk 1L,Country Delight,115.62,4.4,30 min
White Eggs (6 Pack),Country Delight,248.43,4.9,Next Morning
Cow Milk 1L,Country Delight,190.43,4.2,30 min
Yogurt 100g,Country Delight,234.2,4.1,30 min
White Eggs (6 Pack),Country Delight,91.54,4.8,Next Morning
Almonds 250g,Country Delight,327.01,4.4,15 min
Cow Milk 1L,Country Delight,270.69,4.2,15 min
Cow Milk 1L,Country Delight,249.14,4.4,15 min
Apple (500g),Country Delight,130.09,4.6,30 min
Banana (1 Dozen),Country Delight,394.67,4.2,12 min
White Eggs (6 Pack),Country Delight,45.99,3.8,Next Morning
Banana (1 Dozen),Country Delight,384.81,4.3,20 min
Brown Bread,Country Delight,258.31,4.5,Next Morning
Almonds 250g,Country Delight,237.57,4.3,15 min
Brown Bread,Country Delight,213.12,3.8,15 min
Paneer 200g,Country Delight,258.32,3.9,12 min
Buffalo Milk 1L,Country Delight,153.41,4.9,30 min
Cow Milk 1L,Country Delight,380.28,4.2,12 min
Curd 500g,Country Delight,77.86,4.1,30 min
Curd 500g,Country Delight,64.07,4.5,15 min
White Eggs (6 Pack),Country Delight,279.01,4.2,12 min
Curd 500g,Country Delight,132.22,4.6,Next Morning
Apple (500g),Country Delight,323.72,4.7,30 min
Curd 500g,Country Delight,367.71,4.6,20 min
Yogurt 100g,Country Delight,177.62,4.6,12 min
Brown Bread,Country Delight,374.9,4.9,12 min
Brown Bread,Country Delight,399.32,4.2,20 min
A2 Ghee 500ml,Country Delight,82.43,3.9,12 min
Banana (1 Dozen),Country Delight,276.52,4.3,Next Morning
Buffalo Milk 1L,Country Delight,386.51,3.7,15 min
Apple (500g),Country Delight,211.13,4.3,30 min
White Eggs (6 Pack),Country Delight,63.59,4.1,20 min
Almonds 250g,Country Delight,273.45,4.8,30 min
Yogurt 100g,Country Delight,383.83,4.8,30 min
Yogurt 100g,Country Delight,340.38,4,12 min
Apple (500g),Country Delight,136.37,4,Next Morning
White Eggs (6 Pack),Country Delight,66.9,3.7,12 min
Yogurt 100g,Country Delight,270.67,4.2,Next Morning
Almonds 250g,Country Delight,320.46,3.5,Next Morning
Apple (500g),Country Delight,50.31,4.6,20 min
Buffalo Milk 1L,Country Delight,114.09,4,20 min
Brown Bread,Country Delight,394.74,4.9,20 min
White Eggs (6 Pack),Country Delight,331.03,3.5,15 min
Brown Bread,Country Delight,127.62,4.2,20 min
White Eggs (6 Pack),Country Delight,356.8,4.9,20 min
Turmeric Powder 100g,Country Delight,187.48,4.2,12 min
Almonds 250g,Country Delight,398.57,4.2,30 min
Brown Bread,Country Delight,138.18,4.2,12 min
Almonds 250g,Country Delight,68.37,5,15 min
Apple (500g),Country Delight,104.2,3.8,20 min
Yogurt 100g,Country Delight,79.92,3.6,15 min
Almonds 250g,Country Delight,352.06,4.3,12 min
Brown Bread,Country Delight,373.36,4.5,30 min
Yogurt 100g,Country Delight,294.6,4.9,20 min
White Eggs (6 Pack),Country Delight,58.53,4.2,30 min
Turmeric Powder 100g,Country Delight,97.87,4.5,15 min
A2 Ghee 500ml,Country Delight,388.74,3.7,30 min
Cow Milk 1L,Country Delight,374.33,3.9,20 min
Apple (500g),Country Delight,331.14,4.7,Next Morning
Curd 500g,Country Delight,389.87,4.8,12 min
White Eggs (6 Pack),Country Delight,366.48,4.9,12 min
Almonds 250g,Country Delight,134.25,4,30 min
White Eggs (6 Pack),Country Delight,288.6,4.1,Next Morning
Banana (1 Dozen),Country Delight,245.37,4,12 min
Cow Milk 1L,Country Delight,296.79,3.5,20 min
Buffalo Milk 1L,Country Delight,175.99,4.7,Next Morning
Almonds 250g,Country Delight,368.03,4.3,30 min
Buffalo Milk 1L,Country Delight,262.52,4.6,Next Morning
White Eggs (6 Pack),Country Delight,235.83,4.9,12 min
Cow Milk 1L,Country Delight,170.9,3.5,30 min
Paneer 200g,Country Delight,368.28,3.8,15 min
Almonds 250g,Country Delight,207.65,4.1,12 min
Almonds 250g,Country Delight,61.66,4.6,15 min
A2 Ghee 500ml,Country Delight,44.59,3.9,Next Morning
Turmeric Powder 100g,Country Delight,127.71,4.2,30 min
Almonds 250g,Country Delight,280.65,4.4,15 min
Brown Bread,Country Delight,391.2,4.8,Next Morning
Turmeric Powder 100g,Country Delight,304.47,4.2,Next Morning
A2 Ghee 500ml,Country Delight,139.22,4,30 min
White Eggs (6 Pack),Country Delight,389.78,4.7,Next Morning
A2 Ghee 500ml,Country Delight,301.73,3.6,20 min
Yogurt 100g,Country Delight,375.3,5,20 min
Turmeric Powder 100g,Country Delight,316.28,3.8,12 min
A2 Ghee 500ml,Country Delight,308.2,3.6,15 min
Buffalo Milk 1L,Country Delight,174.59,4.1,20 min
Yogurt 100g,Country Delight,187,3.8,20 min
Apple (500g),Country Delight,89.63,4.2,Next Morning
Yogurt 100g,Country Delight,222.62,4.6,12 min
Paneer 200g,Country Delight,176.91,5,20 min
Curd 500g,Country Delight,398.56,4.7,Next Morning
Buffalo Milk 1L,Country Delight,222.96,3.9,20 min
Cow Milk 1L,Country Delight,173.81,4.3,12 min
Apple (500g),Country Delight,311.55,4.4,Next Morning
Banana (1 Dozen),Country Delight,186.7,4.3,12 min
Yogurt 100g,Country Delight,250.24,3.9,Next Morning
Almonds 250g,Country Delight,251.56,4.3,15 min
A2 Ghee 500ml,Country Delight,196.04,3.8,30 min
Apple (500g),Country Delight,189.35,4.4,15 min
Banana (1 Dozen),Country Delight,107.85,4.6,12 min
Brown Bread,Country Delight,192.57,3.5,12 min
Cow Milk 1L,Country Delight,105.92,4.3,15 min
Buffalo Milk 1L,Country Delight,127.58,4,Next Morning
Brown Bread,Country Delight,60.9,4.6,12 min
Brown Bread,Country Delight,40.69,4.6,30 min
Apple (500g),Country Delight,49.67,4.2,20 min
Brown Bread,Country Delight,64.1,4.3,12 min
Brown Bread,Country Delight,257.23,4.4,15 min
Curd 500g,Country Delight,202.57,4.9,30 min
Yogurt 100g,Country Delight,261.48,4.9,15 min
Apple (500g),Country Delight,116.15,5,Next Morning
Banana (1 Dozen),Country Delight,260.2,3.8,30 min
Cow Milk 1L,Country Delight,208.66,4.9,30 min
Cow Milk 1L,Country Delight,256.18,3.9,30 min
Brown Bread,Country Delight,203.68,3.9,15 min
Turmeric Powder 100g,Country Delight,249.7,4,Next Morning
Brown Bread,Country Delight,151.77,4.7,20 min
Yogurt 100g,Country Delight,120.48,4.4,Next Morning
Paneer 200g,Country Delight,49.12,4.3,Next Morning
Buffalo Milk 1L,Country Delight,214.68,4.5,30 min
Apple (500g),Country Delight,112.04,4,12 min
Brown Bread,Country Delight,161.72,4.7,12 min
Curd 500g,Country Delight,225.53,4.7,12 min
Apple (500g),Country Delight,391.21,3.6,Next Morning
A2 Ghee 500ml,Country Delight,355.87,4.9,20 min
Curd 500g,Country Delight,114.8,4.8,30 min
Paneer 200g,Country Delight,66.35,4.3,20 min
Cow Milk 1L,Country Delight,285.28,4,Next Morning
Cow Milk 1L,Country Delight,223.34,3.6,30 min
Banana (1 Dozen),Country Delight,370.12,4.6,20 min
Turmeric Powder 100g,Country Delight,318.47,5,12 min
Paneer 200g,Country Delight,279.26,4.9,Next Morning
Turmeric Powder 100g,Country Delight,42.22,4.8,30 min
Curd 500g,Country Delight,199.69,4.1,20 min
Turmeric Powder 100g,Country Delight,177.76,4.4,Next Morning
Banana (1 Dozen),Country Delight,372.07,4.3,15 min
Yogurt 100g,Country Delight,189.96,4.2,12 min
Paneer 200g,Country Delight,384.56,3.6,15 min
Paneer 200g,Country Delight,307.94,4.2,30 min
Buffalo Milk 1L,Country Delight,144,3.7,15 min
Almonds 250g,Country Delight,376.69,3.6,12 min
Paneer 200g,Country Delight,216.61,4.9,20 min
A2 Ghee 500ml,Country Delight,270.22,5,12 min
Almonds 250g,Country Delight,75.39,4.4,20 min
Apple (500g),Country Delight,251.63,3.8,12 min
Almonds 250g,Country Delight,389.99,3.9,30 min
Yogurt 100g,Country Delight,79.07,4.6,12 min
Brown Bread,Country Delight,254.79,3.6,15 min
White Eggs (6 Pack),Country Delight,149.17,4.4,12 min
Banana (1 Dozen),Country Delight,82.52,3.8,12 min
Almonds 250g,Country Delight,45.55,4.9,20 min
Buffalo Milk 1L,Country Delight,53.68,3.6,15 min
Cow Milk 1L,Country Delight,170.72,4.1,20 min
Apple (500g),Country Delight,149.67,4,Next Morning
Buffalo Milk 1L,Country Delight,166.47,4.5,20 min
Almonds 250g,Country Delight,137.33,4.5,15 min
Brown Bread,Country Delight,178.23,4,Next Morning
Curd 500g,Country Delight,44.23,3.7,Next Morning
White Eggs (6 Pack),Country Delight,336.89,4,Next Morning
Curd 500g,Country Delight,291.51,4,Next Morning
Curd 500g,Country Delight,209.79,4.5,12 min
A2 Ghee 500ml,Country Delight,58.98,4.2,12 min
White Eggs (6 Pack),Country Delight,335.51,4.4,Next Morning
Turmeric Powder 100g,Country Delight,51.9,4.6,12 min
Paneer 200g,Country Delight,76.39,4.3,30 min
White Eggs (6 Pack),Country Delight,220.53,4.6,12 min
White Eggs (6 Pack),Country Delight,313.42,4.4,15 min
A2 Ghee 500ml,Country Delight,171.21,3.9,15 min
Turmeric Powder 100g,Country Delight,360.84,5,15 min
White Eggs (6 Pack),Country Delight,129.09,3.7,12 min
Turmeric Powder 100g,Country Delight,357.34,4,20 min
Brown Bread,Country Delight,333.48,5,20 min
Yogurt 100g,Country Delight,325.25,4.9,15 min
White Eggs (6 Pack),Country Delight,186.95,3.7,12 min
Banana (1 Dozen),Country Delight,117.81,3.7,30 min
Yogurt 100g,Country Delight,288.35,4.9,Next Morning
Brown Bread,Country Delight,141.28,4.4,20 min
Banana (1 Dozen),Country Delight,357.42,3.9,12 min
Cow Milk 1L,Country Delight,98.78,4.2,30 min
Buffalo Milk 1L,Country Delight,130.76,4.2,Next Morning
Curd 500g,Country Delight,130.97,4.4,12 min
A2 Ghee 500ml,Country Delight,59.66,5,20 min
A2 Ghee 500ml,Country Delight,309.2,3.7,15 min
White Eggs (6 Pack),Country Delight,135.07,5,30 min
A2 Ghee 500ml,Country Delight,381.9,4.9,Next Morning
White Eggs (6 Pack),Country Delight,231.56,4.3,15 min
Curd 500g,Country Delight,155.99,4,Next Morning
Apple (500g),Country Delight,328.1,4.8,30 min
Apple (500g),Country Delight,237.61,4.8,15 min
Paneer 200g,Country Delight,158.89,4.3,30 min
Banana (1 Dozen),Country Delight,262.22,4.2,12 min
White Eggs (6 Pack),Country Delight,186.38,4,Next Morning
Yogurt 100g,Country Delight,312.31,3.6,15 min
Cow Milk 1L,Country Delight,101.88,3.7,12 min
Paneer 200g,Country Delight,382.77,4.2,15 min
A2 Ghee 500ml,Country Delight,70.51,3.5,30 min
Banana (1 Dozen),Country Delight,219.96,4.8,12 min
A2 Ghee 500ml,Country Delight,204.34,4.3,15 min
Curd 500g,Country Delight,207.17,4.9,15 min
Cow Milk 1L,Country Delight,376.63,4.8,12 min
Buffalo Milk 1L,Country Delight,153.38,4.2,30 min
Paneer 200g,Country Delight,170.28,3.5,30 min
Buffalo Milk 1L,Country Delight,317.96,3.6,30 min
A2 Ghee 500ml,Country Delight,290.71,4.3,Next Morning
Banana (1 Dozen),Country Delight,253.99,3.5,Next Morning
Almonds 250g,Country Delight,96.94,4.9,15 min
Almonds 250g,Country Delight,140.69,3.5,15 min
Banana (1 Dozen),Country Delight,241.16,3.7,20 min
Apple (500g),Country Delight,69.91,3.8,20 min
Banana (1 Dozen),Country Delight,370.68,4.4,Next Morning
Banana (1 Dozen),Country Delight,333.55,3.6,20 min
Brown Bread,Country Delight,313.8,3.9,15 min
Curd 500g,Country Delight,359.3,4.7,15 min
White Eggs (6 Pack),Country Delight,114.65,4.3,20 min
Apple (500g),Country Delight,386.12,4.1,20 min
Almonds 250g,Country Delight,52.39,3.6,15 min
Buffalo Milk 1L,Country Delight,353.14,4.9,20 min
A2 Ghee 500ml,Country Delight,97.34,4.5,Next Morning
Paneer 200g,Country Delight,136.96,3.7,30 min
Apple (500g),Country Delight,331.56,4.6,30 min
Banana (1 Dozen),Country Delight,46.55,3.7,Next Morning
Curd 500g,Country Delight,306.8,4,12 min
Cow Milk 1L,Country Delight,134.91,4.4,12 min
Paneer 200g,Country Delight,252.6,4,20 min
A2 Ghee 500ml,Country Delight,388.99,3.5,20 min
Yogurt 100g,Country Delight,114.28,4,12 min
Turmeric Powder 100g,Country Delight,54.63,4.6,15 min
Cow Milk 1L,Country Delight,139.35,4.8,30 min
Cow Milk 1L,Country Delight,255.59,4.4,12 min
A2 Ghee 500ml,Country Delight,173.42,4.6,20 min
Cow Milk 1L,Country Delight,391.78,4.6,12 min
A2 Ghee 500ml,Country Delight,205.9,4.3,12 min
Paneer 200g,Country Delight,227.8,4,20 min
Banana (1 Dozen),Country Delight,57.79,3.6,30 min
Buffalo Milk 1L,Country Delight,232.72,3.9,30 min
Banana (1 Dozen),Country Delight,165.64,4.2,12 min
Cow Milk 1L,Country Delight,341.47,4.7,20 min
Curd 500g,Country Delight,125.64,3.8,12 min
Curd 500g,Country Delight,238.02,4.5,12 min
Brown Bread,Country Delight,265.34,4.5,12 min
Curd 500g,Country Delight,151.52,4.4,12 min
Paneer 200g,Country Delight,121.82,4.3,20 min
A2 Ghee 500ml,Country Delight,148.09,4.9,12 min
Paneer 200g,Country Delight,218.7,3.7,Next Morning
Turmeric Powder 100g,Country Delight,318.82,4.8,15 min
Banana (1 Dozen),Country Delight,233.46,3.9,Next Morning
A2 Ghee 500ml,Country Delight,299.39,4,30 min
Apple (500g),Country Delight,237.75,4,20 min
A2 Ghee 500ml,Country Delight,395.56,4.9,15 min
White Eggs (6 Pack),Country Delight,307.43,4.4,12 min
White Eggs (6 Pack),Country Delight,247.78,4.6,12 min
Almonds 250g,Country Delight,324.53,4.1,Next Morning
Buffalo Milk 1L,Country Delight,124.2,4.5,12 min
Banana (1 Dozen),Country Delight,277.59,4.7,15 min
Cow Milk 1L,Country Delight,307.35,4.9,20 min
White Eggs (6 Pack),Country Delight,328.7,3.9,20 min
White Eggs (6 Pack),Country Delight,135.06,4.3,15 min
Turmeric Powder 100g,Country Delight,116.51,3.7,30 min
Turmeric Powder 100g,Country Delight,334.91,3.9,20 min
Turmeric Powder 100g,Country Delight,377.06,4.5,12 min
A2 Ghee 500ml,Country Delight,390.36,3.9,30 min
Turmeric Powder 100g,Country Delight,328.1,4.7,Next Morning
Buffalo Milk 1L,Country Delight,43.53,4.2,12 min
Curd 500g,Country Delight,52.25,3.9,20 min
A2 Ghee 500ml,Country Delight,377.5,3.9,15 min
White Eggs (6 Pack),Country Delight,149.24,4.5,20 min
A2 Ghee 500ml,Country Delight,167.46,4.3,20 min
A2 Ghee 500ml,Country Delight,388.81,4.6,15 min
Banana (1 Dozen),Country Delight,373.2,4.8,Next Morning
Paneer 200g,Country Delight,133.96,4,30 min
Almonds 250g,Country Delight,371.54,3.6,15 min
Banana (1 Dozen),Country Delight,245.33,4.9,15 min
Curd 500g,Country Delight,110.02,4.2,20 min
Yogurt 100g,Country Delight,311.84,3.8,Next Morning
A2 Ghee 500ml,Country Delight,354.33,4,15 min
Almonds 250g,Country Delight,78.26,4.7,Next Morning
Cow Milk 1L,Country Delight,170.04,4.1,12 min
Yogurt 100g,Country Delight,133.35,4.2,20 min
Cow Milk 1L,Country Delight,398.35,4.9,20 min
Apple (500g),Country Delight,213.37,3.7,Next Morning
Apple (500g),Country Delight,229.48,3.7,20 min
Banana (1 Dozen),Country Delight,295.75,3.8,20 min
Turmeric Powder 100g,Country Delight,232.19,4.9,20 min
Turmeric Powder 100g,Country Delight,307.58,4.7,20 min
Apple (500g),Country Delight,378.24,4.7,12 min
Paneer 200g,Country Delight,381.45,4.1,15 min
Buffalo Milk 1L,Country Delight,240.4,3.6,12 min
A2 Ghee 500ml,Country Delight,397.97,4.2,20 min
Turmeric Powder 100g,Country Delight,302.47,4.4,30 min
Brown Bread,Country Delight,91.39,4.4,15 min
Apple (500g),Country Delight,258.8,3.7,Next Morning
Brown Bread,Country Delight,143.39,4.2,20 min
Cow Milk 1L,Country Delight,285.09,3.6,12 min
Apple (500g),Country Delight,203.63,4.6,20 min
Brown Bread,Country Delight,284.79,3.9,15 min
Curd 500g,Country Delight,354,3.9,20 min
Cow Milk 1L,Country Delight,99.3,3.5,12 min
Paneer 200g,Country Delight,95.41,4.5,20 min
Cow Milk 1L,Country Delight,175.67,4.4,15 min
White Eggs (6 Pack),Country Delight,91.59,3.9,20 min
Buffalo Milk 1L,Country Delight,160.02,4.8,30 min
White Eggs (6 Pack),Country Delight,189.36,4.4,12 min
Brown Bread,Country Delight,119.66,3.6,12 min
Cow Milk 1L,Country Delight,128.31,4,12 min
Apple (500g),Country Delight,280.51,4.3,15 min
Brown Bread,Country Delight,177.5,4.6,20 min
Cow Milk 1L,Country Delight,226.55,4,Next Morning
A2 Ghee 500ml,Country Delight,187.01,4.3,12 min
Brown Bread,Country Delight,249.62,4,20 min
Banana (1 Dozen),Country Delight,211.7,3.8,Next Morning
A2 Ghee 500ml,Country Delight,184.34,4.9,20 min
Almonds 250g,Country Delight,145.36,4.4,Next Morning
Almonds 250g,Country Delight,369.02,4.5,30 min
Curd 500g,Country Delight,230.97,3.9,30 min
White Eggs (6 Pack),Country Delight,357.43,4.7,Next Morning
Almonds 250g,Country Delight,335.25,4.8,12 min
Curd 500g,Country Delight,141.04,4.2,12 min
Turmeric Powder 100g,Country Delight,391.28,4.3,15 min
Banana (1 Dozen),Country Delight,166.1,4.6,12 min
Almonds 250g,Country Delight,217.42,4.5,20 min
Yogurt 100g,Country Delight,345.71,4.5,12 min
Apple (500g),Country Delight,166.31,4.5,30 min
Cow Milk 1L,Country Delight,244.31,4.9,20 min
Turmeric Powder 100g,Country Delight,158.61,4,20 min
Turmeric Powder 100g,Country Delight,212.14,3.6,15 min
Brown Bread,Country Delight,101.89,4.3,15 min
Curd 500g,Country Delight,234.35,3.9,15 min
Turmeric Powder 100g,Country Delight,369.7,4.1,15 min
A2 Ghee 500ml,Country Delight,258.07,3.8,Next Morning
Cow Milk 1L,Country Delight,173.13,4.7,30 min
A2 Ghee 500ml,Country Delight,82.77,4.9,30 min
Paneer 200g,Country Delight,331.36,4.8,Next Morning
Cow Milk 1L,Country Delight,391.38,4,30 min
Curd 500g,Country Delight,92.62,4,15 min
Cow Milk 1L,Country Delight,272.22,4.5,15 min
White Eggs (6 Pack),Country Delight,150.85,3.6,12 min
Cow Milk 1L,Country Delight,119.55,4.4,Next Morning
White Eggs (6 Pack),Country Delight,75.82,3.9,30 min
A2 Ghee 500ml,Country Delight,97.97,4.8,Next Morning
Curd 500g,Country Delight,223.63,4.3,20 min
Paneer 200g,Country Delight,66.7,4.8,15 min
Brown Bread,Country Delight,86.86,4.4,12 min
Almonds 250g,Country Delight,393.07,4.2,20 min
A2 Ghee 500ml,Country Delight,347.68,4,12 min
Brown Bread,Country Delight,250.8,3.7,15 min
Cow Milk 1L,Country Delight,202.03,3.8,15 min
Almonds 250g,Country Delight,245.51,4.4,15 min
Almonds 250g,Country Delight,66.71,4.3,30 min
Apple (500g),Country Delight,53.14,4.5,30 min
Apple (500g),Country Delight,289.36,4.8,15 min
Almonds 250g,Country Delight,83.24,4,20 min
Curd 500g,Country Delight,128.13,4.1,15 min
Curd 500g,Country Delight,107.36,3.5,Next Morning
A2 Ghee 500ml,Country Delight,169.53,4.9,Next Morning
Curd 500g,Country Delight,172.45,3.6,15 min
Yogurt 100g,Country Delight,164.25,4,30 min
White Eggs (6 Pack),Country Delight,165.35,4.1,12 min
Brown Bread,Country Delight,61.24,3.7,15 min
Cow Milk 1L,Country Delight,329.58,3.8,15 min
Brown Bread,Country Delight,65.82,4.4,Next Morning
Banana (1 Dozen),Country Delight,179.79,4.4,20 min
Paneer 200g,Country Delight,173.44,3.6,30 min
White Eggs (6 Pack),Country Delight,259.37,4.6,Next Morning
Paneer 200g,Country Delight,282.23,3.5,Next Morning
Buffalo Milk 1L,Country Delight,342.82,4.2,Next Morning
Curd 500g,Country Delight,114.5,4,12 min
Apple (500g),Country Delight,258.91,4.1,30 min
White Eggs (6 Pack),Country Delight,52.81,3.6,15 min
Brown Bread,Country Delight,371.14,3.9,Next Morning
Turmeric Powder 100g,Country Delight,347.97,4.4,20 min
Yogurt 100g,Country Delight,247.84,4.6,15 min
Brown Bread,Country Delight,149.61,3.6,15 min
Brown Bread,Country Delight,365.69,4.6,15 min
White Eggs (6 Pack),Country Delight,62.35,5,12 min
Turmeric Powder 100g,Country Delight,358.8,3.5,15 min
Almonds 250g,Country Delight,162.76,4.5,12 min
Turmeric Powder 100g,Country Delight,267.59,4.6,30 min
White Eggs (6 Pack),Country Delight,104.7,4.6,20 min
Buffalo Milk 1L,Country Delight,107.87,4,30 min
Buffalo Milk 1L,Country Delight,68.49,3.7,30 min
Curd 500g,Country Delight,68.86,3.6,15 min
A2 Ghee 500ml,Country Delight,203.64,4.9,15 min
White Eggs (6 Pack),Country Delight,312.53,4.2,12 min
Yogurt 100g,Country Delight,323.86,3.8,12 min
Apple (500g),Country Delight,303.24,3.9,15 min
Almonds 250g,Country Delight,391.47,4.3,15 min
Buffalo Milk 1L,Country Delight,223.54,4.3,15 min
A2 Ghee 500ml,Country Delight,371.53,4.5,15 min
Banana (1 Dozen),Country Delight,368.86,4.7,12 min
Cow Milk 1L,Country Delight,200.7,4.7,20 min
Buffalo Milk 1L,Country Delight,366.88,3.7,12 min
White Eggs (6 Pack),Country Delight,363.35,4.5,30 min
Yogurt 100g,Country Delight,361.74,4.3,20 min
Cow Milk 1L,Country Delight,314.67,4.6,Next Morning
Curd 500g,Country Delight,150.05,3.8,12 min
Curd 500g,Country Delight,130.77,4,30 min
Cow Milk 1L,Country Delight,135.06,4.1,30 min
A2 Ghee 500ml,Country Delight,361.23,4.9,20 min
Curd 500g,Country Delight,393.81,3.9,15 min
Brown Bread,Country Delight,235.14,4,12 min
Buffalo Milk 1L,Country Delight,96.62,4.7,30 min
A2 Ghee 500ml,Country Delight,342.89,3.7,20 min
Cow Milk 1L,Country Delight,286.73,3.9,12 min
Cow Milk 1L,Country Delight,264.48,3.9,Next Morning
White Eggs (6 Pack),Country Delight,112.42,4.8,Next Morning
Buffalo Milk 1L,Country Delight,100.99,3.8,Next Morning
Paneer 200g,Country Delight,221.05,4.4,Next Morning
Cow Milk 1L,Country Delight,232.85,4.1,20 min
Apple (500g),Country Delight,353.55,4.6,20 min
White Eggs (6 Pack),Country Delight,88.16,4,Next Morning
Almonds 250g,Country Delight,340.72,4.9,30 min
Cow Milk 1L,Country Delight,113.87,3.8,20 min
Cow Milk 1L,Country Delight,217.02,3.8,20 min
Yogurt 100g,Country Delight,370.89,4.8,Next Morning
Banana (1 Dozen),Country Delight,112.67,4.2,12 min
White Eggs (6 Pack),Country Delight,345.64,3.8,30 min
Turmeric Powder 100g,Country Delight,254.72,3.9,30 min
Yogurt 100g,Country Delight,92.32,4.7,Next Morning
Buffalo Milk 1L,Country Delight,139.16,4,12 min
Almonds 250g,Country Delight,381.85,4.1,Next Morning
A2 Ghee 500ml,Country Delight,307.85,4.6,12 min
Buffalo Milk 1L,Country Delight,110.82,4.8,30 min
Buffalo Milk 1L,Country Delight,389.74,3.6,30 min
Cow Milk 1L,Country Delight,365.65,5,30 min
Banana (1 Dozen),Country Delight,71.62,4.1,30 min
White Eggs (6 Pack),Country Delight,112.69,3.9,Next Morning
Banana (1 Dozen),Country Delight,249.7,4,20 min
Yogurt 100g,Country Delight,224.17,4.8,12 min
Cow Milk 1L,Country Delight,188.36,3.8,20 min
Curd 500g,Country Delight,393.99,3.8,20 min
Curd 500g,Country Delight,154.88,4.2,20 min
Apple (500g),Country Delight,125.72,4.5,30 min
Turmeric Powder 100g,Country Delight,286.85,4.4,15 min
Yogurt 100g,Country Delight,120,3.9,30 min
Curd 500g,Country Delight,172.22,4.4,30 min
Yogurt 100g,Country Delight,357.05,4.8,20 min
Cow Milk 1L,Country Delight,277.54,3.5,12 min
Yogurt 100g,Country Delight,276.54,3.6,12 min
White Eggs (6 Pack),Country Delight,227.95,4.9,20 min
Turmeric Powder 100g,Country Delight,247.86,4.2,20 min
Banana (1 Dozen),Country Delight,98.35,5,Next Morning
Buffalo Milk 1L,Country Delight,313.89,3.5,12 min
Cow Milk 1L,Country Delight,92.37,4.8,15 min
Curd 500g,Country Delight,116.98,3.6,15 min
Almonds 250g,Country Delight,97.6,4.8,15 min
Curd 500g,Country Delight,154,3.6,20 min
Turmeric Powder 100g,Country Delight,392.59,4.5,20 min
Curd 500g,Country Delight,69.22,3.5,Next Morning
Banana (1 Dozen),Country Delight,125.04,4.4,20 min
Banana (1 Dozen),Country Delight,261.66,3.5,30 min
Brown Bread,Country Delight,366.77,3.8,15 min
Apple (500g),Country Delight,255.44,4.7,30 min
Turmeric Powder 100g,Country Delight,355.78,4.9,15 min
Almonds 250g,Country Delight,346.5,4.1,12 min
Buffalo Milk 1L,Country Delight,350.83,4.4,12 min
Yogurt 100g,Country Delight,48.83,4.7,30 min
Yogurt 100g,Country Delight,183.3,3.8,12 min
Turmeric Powder 100g,Country Delight,213.17,3.9,15 min
White Eggs (6 Pack),Country Delight,391.92,3.6,Next Morning
White Eggs (6 Pack),Country Delight,71.04,4.3,20 min
Apple (500g),Country Delight,381.84,4.3,12 min
Turmeric Powder 100g,Country Delight,99.49,3.8,20 min
Paneer 200g,Country Delight,391.63,4.6,Next Morning
Almonds 250g,Country Delight,373.99,4,30 min
Almonds 250g,Country Delight,139.99,4,12 min
Paneer 200g,Country Delight,53.69,3.9,30 min
Banana (1 Dozen),Country Delight,147.08,4.8,15 min
Buffalo Milk 1L,Country Delight,101.01,4.6,12 min
Paneer 200g,Country Delight,106.74,3.8,15 min
Apple (500g),Country Delight,142.87,4.5,30 min
Yogurt 100g,Country Delight,154.82,4.7,Next Morning
Apple (500g),Country Delight,243.43,3.6,12 min
Apple (500g),Country Delight,135.88,4.7,12 min
Buffalo Milk 1L,Country Delight,260.08,4.8,Next Morning
Almonds 250g,Country Delight,165.26,4,Next Morning
Apple (500g),Country Delight,176.56,4.1,Next Morning
White Eggs (6 Pack),Country Delight,101.59,4.9,Next Morning
Almonds 250g,Country Delight,329.89,3.5,20 min
Almonds 250g,Country Delight,384.87,4.1,15 min
Turmeric Powder 100g,Country Delight,385.24,4.3,15 min
Buffalo Milk 1L,Country Delight,122.61,4.7,12 min
Apple (500g),Country Delight,178.76,4.2,12 min
Curd 500g,Country Delight,72.18,4.6,20 min
Almonds 250g,Country Delight,308.64,4.3,15 min
Apple (500g),Country Delight,399.99,4.9,15 min
Yogurt 100g,Country Delight,305.67,3.8,15 min
Cow Milk 1L,Country Delight,165.1,4.2,15 min
Apple (500g),Country Delight,369.15,4.1,20 min
Curd 500g,Country Delight,378.12,4.6,15 min
Yogurt 100g,Country Delight,89.2,4.1,20 min
A2 Ghee 500ml,Country Delight,82.99,4.3,30 min
Banana (1 Dozen),Country Delight,207.85,3.7,12 min
Apple (500g),Country Delight,83.26,3.9,30 min
Cow Milk 1L,Country Delight,327.5,4.8,30 min
Almonds 250g,Country Delight,368.45,3.8,Next Morning
Yogurt 100g,Country Delight,347.32,4.7,Next Morning
A2 Ghee 500ml,Country Delight,69.29,4.3,30 min
Brown Bread,Country Delight,382.73,4.6,30 min
White Eggs (6 Pack),Country Delight,150.59,4.9,30 min
Turmeric Powder 100g,Country Delight,360.39,4.3,15 min
Banana (1 Dozen),Country Delight,340.28,4.8,20 min
Curd 500g,Country Delight,326.07,3.6,12 min
Buffalo Milk 1L,Country Delight,170.71,5,12 min
White Eggs (6 Pack),Country Delight,245.95,4.4,Next Morning
Turmeric Powder 100g,Country Delight,393.72,4.8,15 min
Paneer 200g,Country Delight,263.83,4.5,30 min
White Eggs (6 Pack),Country Delight,144.06,3.6,15 min
Almonds 250g,Country Delight,105.39,4.7,12 min
Yogurt 100g,Country Delight,237.8,4.5,30 min
A2 Ghee 500ml,Country Delight,54.44,4.4,12 min
Brown Bread,Country Delight,144.45,3.6,12 min
Apple (500g),Country Delight,362,4.2,Next Morning
Buffalo Milk 1L,Country Delight,192.55,4.2,15 min
Banana (1 Dozen),Country Delight,246.84,3.8,12 min
Brown Bread,Country Delight,62.05,3.5,12 min
Almonds 250g,Country Delight,301.17,4.7,15 min
Paneer 200g,Country Delight,280.14,3.9,Next Morning
Yogurt 100g,Country Delight,346.77,4.2,Next Morning
Banana (1 Dozen),Country Delight,94.22,4.2,30 min
Almonds 250g,Country Delight,389.83,4.3,15 min
Apple (500g),Country Delight,67.69,4.5,Next Morning
Banana (1 Dozen),Country Delight,271.02,4.8,15 min
Paneer 200g,Country Delight,338.47,4,30 min
Cow Milk 1L,Country Delight,387.82,3.6,30 min
Curd 500g,Country Delight,289.57,4.9,30 min
A2 Ghee 500ml,Country Delight,114.02,3.6,Next Morning
White Eggs (6 Pack),Country Delight,70.79,3.7,Next Morning
Cow Milk 1L,Country Delight,386.79,4.9,30 min
A2 Ghee 500ml,Country Delight,331.55,4.3,30 min
Cow Milk 1L,Country Delight,322.03,4,15 min
Apple (500g),Country Delight,274.26,4.7,15 min
White Eggs (6 Pack),Country Delight,331.66,4.3,20 min
Yogurt 100g,Country Delight,257.94,4.8,15 min
Almonds 250g,Country Delight,195.37,4.1,12 min
A2 Ghee 500ml,Country Delight,366.26,5,15 min
Apple (500g),Country Delight,163.37,4.7,30 min
Brown Bread,Country Delight,309.19,4.7,30 min
Buffalo Milk 1L,Country Delight,90.33,3.6,30 min
Paneer 200g,Country Delight,181.51,4.3,30 min
White Eggs (6 Pack),Country Delight,296.27,4,Next Morning
Cow Milk 1L,Country Delight,205.65,4.7,20 min
Apple (500g),Country Delight,343.43,3.8,Next Morning
Apple (500g),Country Delight,223.19,3.6,20 min
Apple (500g),Country Delight,166.95,3.6,Next Morning
Almonds 250g,Country Delight,271.01,4.5,30 min
Brown Bread,Country Delight,349.08,4.4,12 min
Yogurt 100g,Country Delight,88.44,4.9,12 min
Apple (500g),Country Delight,219.77,4.7,15 min
Paneer 200g,Country Delight,391.85,5,20 min
Brown Bread,Country Delight,325.3,4.9,30 min
Paneer 200g,Country Delight,297.51,3.6,30 min
Almonds 250g,Country Delight,297.32,4.9,12 min
White Eggs (6 Pack),Country Delight,143.91,3.9,30 min
Curd 500g,Country Delight,310.47,3.8,20 min
Apple (500g),Country Delight,185.84,4.3,30 min
White Eggs (6 Pack),Country Delight,348.12,3.6,30 min
White Eggs (6 Pack),Country Delight,208.38,4.5,15 min
Brown Bread,Country Delight,390.2,4.3,12 min
Brown Bread,Country Delight,252.94,4.2,30 min
White Eggs (6 Pack),Country Delight,192.22,3.9,30 min
Almonds 250g,Country Delight,238.87,4.6,30 min
Paneer 200g,Country Delight,379.74,3.8,30 min
Paneer 200g,Country Delight,52.55,4.8,20 min
Cow Milk 1L,Country Delight,195.69,3.8,20 min
A2 Ghee 500ml,Country Delight,398.23,4.3,Next Morning
Almonds 250g,Country Delight,383.64,4.5,12 min
Paneer 200g,Country Delight,227.82,4.1,30 min
Curd 500g,Country Delight,117.53,4.5,15 min
Buffalo Milk 1L,Country Delight,349.48,4.9,15 min
Turmeric Powder 100g,Country Delight,383.19,4.1,15 min
Buffalo Milk 1L,Country Delight,143.03,4.9,12 min
Curd 500g,Country Delight,305.55,4.2,12 min
Paneer 200g,Country Delight,200.63,4.3,Next Morning
White Eggs (6 Pack),Country Delight,238.73,4.7,15 min
Cow Milk 1L,Country Delight,286.55,4.7,12 min
Turmeric Powder 100g,Country Delight,228.11,5,20 min
Yogurt 100g,Country Delight,220.64,4.3,15 min
Apple (500g),Country Delight,352.97,3.7,20 min
Paneer 200g,Country Delight,64.08,4,15 min
Apple (500g),Country Delight,343.87,5,30 min
Cow Milk 1L,Country Delight,131.34,4.7,Next Morning
Brown Bread,Country Delight,239.66,4.6,12 min
Banana (1 Dozen),Country Delight,271.17,5,20 min
Banana (1 Dozen),Country Delight,243.4,3.6,30 min
White Eggs (6 Pack),Country Delight,109.4,3.9,30 min
Buffalo Milk 1L,Country Delight,311.14,4.9,Next Morning
Paneer 200g,Country Delight,191.06,4.7,20 min
Brown Bread,Country Delight,140.98,4.9,Next Morning
Apple (500g),Country Delight,210.75,3.9,Next Morning
Brown Bread,Country Delight,320.04,3.9,15 min
Cow Milk 1L,Country Delight,205.18,4.1,Next Morning
Buffalo Milk 1L,Country Delight,92.66,3.7,20 min
Apple (500g),Country Delight,71.3,5,12 min
Banana (1 Dozen),Country Delight,126.93,4.3,20 min
Curd 500g,Country Delight,386.39,4.8,15 min
Apple (500g),Country Delight,290.81,4.7,30 min
Banana (1 Dozen),Country Delight,107.45,4.3,20 min
Curd 500g,Country Delight,341.47,3.8,12 min
Almonds 250g,Country Delight,305.34,4.4,30 min
Banana (1 Dozen),Country Delight,81.54,4.3,20 min
Curd 500g,Country Delight,352.71,4.5,12 min
Yogurt 100g,Country Delight,281.18,4.1,12 min
Curd 500g,Country Delight,248.09,4.4,Next Morning
Banana (1 Dozen),Country Delight,246.07,4.3,Next Morning
Apple (500g),Country Delight,149.06,4.3,20 min
Paneer 200g,Country Delight,380.51,4,Next Morning
Buffalo Milk 1L,Country Delight,105.65,4.2,30 min
Curd 500g,Country Delight,263.78,4.4,15 min
White Eggs (6 Pack),Country Delight,178.03,5,12 min
Yogurt 100g,Country Delight,153.29,3.7,30 min
Buffalo Milk 1L,Country Delight,43.55,4.5,30 min
Apple (500g),Country Delight,235.45,3.8,15 min
Apple (500g),Country Delight,204.79,3.7,20 min
Cow Milk 1L,Country Delight,129.2,4.3,15 min
Buffalo Milk 1L,Country Delight,154.27,4.6,12 min
Cow Milk 1L,Country Delight,343.55,4.5,20 min
Turmeric Powder 100g,Country Delight,124.66,3.9,30 min
Turmeric Powder 100g,Country Delight,138.29,4,Next Morning
White Eggs (6 Pack),Country Delight,52.05,4.5,15 min
Turmeric Powder 100g,Country Delight,133.16,4.8,12 min
Turmeric Powder 100g,Country Delight,50.12,4.4,30 min
Curd 500g,Country Delight,139.83,3.8,15 min
Buffalo Milk 1L,Country Delight,323.6,3.9,Next Morning
Paneer 200g,Country Delight,380.43,4,20 min
Apple (500g),Country Delight,208.48,3.7,Next Morning
A2 Ghee 500ml,Country Delight,325.08,4.6,20 min
Curd 500g,Country Delight,252.31,4,20 min
Curd 500g,Country Delight,247.86,3.8,30 min
Curd 500g,Country Delight,382.44,3.8,12 min
Buffalo Milk 1L,Country Delight,195.74,4.3,15 min
Paneer 200g,Country Delight,179.53,3.7,12 min
Cow Milk 1L,Country Delight,176.06,4.4,12 min
A2 Ghee 500ml,Country Delight,265.96,4.9,Next Morning
Yogurt 100g,Country Delight,261.82,4.7,Next Morning
Banana (1 Dozen),Country Delight,175.41,3.7,30 min
Paneer 200g,Country Delight,253.04,4,15 min
Brown Bread,Country Delight,80.83,4,12 min
Turmeric Powder 100g,Country Delight,343.31,4.6,Next Morning
Banana (1 Dozen),Country Delight,305.69,4.6,30 min
Turmeric Powder 100g,Country Delight,324.72,3.6,30 min
Banana (1 Dozen),Country Delight,205.13,4.7,20 min
Apple (500g),Country Delight,305.34,3.5,Next Morning
Brown Bread,Country Delight,390.37,3.7,15 min
Banana (1 Dozen),Country Delight,225.96,3.6,12 min
Buffalo Milk 1L,Country Delight,349.57,4,15 min
Turmeric Powder 100g,Country Delight,372.75,4.7,20 min
Yogurt 100g,Country Delight,113.56,4.7,30 min
Cow Milk 1L,Country Delight,77.35,4.7,Next Morning
A2 Ghee 500ml,Country Delight,247.69,4.5,15 min
Paneer 200g,Country Delight,171.01,3.5,12 min
Curd 500g,Country Delight,51.95,4.9,Next Morning
Banana (1 Dozen),Country Delight,60.04,3.8,30 min
Paneer 200g,Country Delight,381.88,4.3,12 min
Paneer 200g,Country Delight,199.81,4.7,Next Morning
Paneer 200g,Country Delight,384.06,4.6,15 min
White Eggs (6 Pack),Country Delight,379.57,4.4,20 min
Curd 500g,Country Delight,217.19,4.2,15 min
Almonds 250g,Country Delight,245.15,3.7,30 min
Cow Milk 1L,Country Delight,102.63,4.8,Next Morning
White Eggs (6 Pack),Country Delight,229.22,4.1,30 min
Yogurt 100g,Country Delight,235.63,3.8,Next Morning
Buffalo Milk 1L,Country Delight,133.4,4.8,12 min
Curd 500g,Country Delight,317.99,4.4,12 min
Yogurt 100g,Country Delight,289.04,4.3,30 min
Brown Bread,Country Delight,382.36,4.4,Next Morning
Curd 500g,Country Delight,50,4,30 min
Buffalo Milk 1L,Country Delight,46.04,4,12 min
Curd 500g,Country Delight,142.96,4.2,15 min
Banana (1 Dozen),Country Delight,164.9,4.4,20 min
Paneer 200g,Country Delight,42.63,4,20 min
White Eggs (6 Pack),Country Delight,382.88,4.3,12 min
Turmeric Powder 100g,Country Delight,222.06,5,12 min
Almonds 250g,Country Delight,238.23,4.1,12 min
Buffalo Milk 1L,Country Delight,286.97,5,12 min
Turmeric Powder 100g,Country Delight,122.02,3.7,12 min
Paneer 200g,Country Delight,274.58,4.4,12 min
Buffalo Milk 1L,Country Delight,164.46,4.5,20 min
Yogurt 100g,Country Delight,55.3,3.8,30 min
Apple (500g),Country Delight,205.7,3.8,15 min
Brown Bread,Country Delight,148.82,3.8,20 min
Paneer 200g,Country Delight,161.48,4.3,12 min
Almonds 250g,Country Delight,55.24,3.6,12 min
A2 Ghee 500ml,Country Delight,47.42,4.9,Next Morning
Banana (1 Dozen),Country Delight,72.12,3.9,15 min
Apple (500g),Country Delight,274.93,3.8,30 min
Apple (500g),Country Delight,76.67,4.8,12 min
Almonds 250g,Country Delight,133.63,3.6,20 min
Cow Milk 1L,Country Delight,231.46,3.8,20 min
Apple (500g),Country Delight,66.11,4.9,15 min
Turmeric Powder 100g,Country Delight,376.18,4.7,30 min
Buffalo Milk 1L,Country Delight,247.49,4.9,30 min
A2 Ghee 500ml,Country Delight,111.04,4.2,12 min
Almonds 250g,Country Delight,157.1,4.4,15 min
Apple (500g),Country Delight,96.45,4,15 min
Paneer 200g,Country Delight,44.28,4.9,15 min
Curd 500g,Country Delight,42.85,4,20 min
Almonds 250g,Country Delight,130.86,4.6,Next Morning
